{
  "general": {
    "boltAction": false,
    "rate": 200,
    "rateSelector": [1],
    "gripType": "tac:two_handed_mosin",
    "recoilAngle": 7.85,
    "recoilKick": 1.75,
    "horizontalRecoilAngle": 0.325,
    "recoilAdsReduction": 0.35,
    "weaponRecoilDuration": 0.625,
    "recoilDuration": 0.5,
    "cameraRecoilModifier": 1.325,
    "weightKilo": 6.0,

    "spread": 0.002,
    "firstShotSpread": 0.002,
    "hipFireInaccuracy": 17.5,
    "projToMinAccuracy": 2,
    "msToAccuracyReset": 0,
    "movementInaccuracy": 0.5
  },
  "reloads": {
    "magFed": true,
    "maxAmmo": 5,
    "reloadMagTimer": 41,
    "additionalReloadEmptyMagTimer": 24,
    "maxAdditionalAmmoPerOC": [2, 3, 5],
    "preReloadPauseTicks": 0
  },
  "projectile": {
    "item": "tac:lapua338",
    "visible": false,
    "gravity": true,
    "damage": 40.5,
    "armorIgnore": 1.5,
    "critical": 0.0,
    "criticalDamage": 1.0,
    "headDamage": 1.0,
    "closeDamage": 1.0,
    "decayStart": 0.0,
    "minDecayMultiplier": 0.3,
    "decayEnd": 0.65,
    "size": 0.175,
    "speed": 42,
    "trailLengthMultiplier": 3.75,
    "life": 11
  },
  "sounds": {
    "fire": "tac:item.aiawp_fire",
    "reloadNormal": "tac:animation.awp_reload_norm",
    "reloadEmpty": "tac:animation.awp_reload_empty",
    "draw": "tac:animation.awp_draw",
    "inspect": "tac:animation.awp_inspect",
    "pullBolt": "tac:animation.awp_bolt",
    "cock": "tac:item.pistol.cock",
    "silencedFire": "tac:item.aiawp_fire_s"
  },
  "display": {
    "flash": {
      "yOffset": 7,
      "zOffset": -21.5,
      "size": 1.05,
      "trailAdjust": 1.5
    },
    
    "weaponType": 5,
    "showDynamicHipfire": false
  },
  "modules": {
    "zoom": {
      "fovModifier": 0.67,
      "yOffset": 8.515,
      "zOffset": -4.5
    },
    "attachments": {
      "scope": {
        "yOffset": 7.545,
        "zOffset": 6.425,
        "scale": 1.0
      },
      "extendedMag": {
        "yOffset": 1000.89,
        "zOffset": 5.35,
        "scale": 0.0
      },
      "pistolScope": {
        "yOffset": 7.6,
        "zOffset": 5.025,
        "scale": 1.0,
        "doRenderMount": true,
        "doOnSlideMovement": false
      },
      "barrel": {
        "yOffset": -100829.84,
        "zOffset": -22.80,
        "scale": 1.00
      }
    }
  }
}