{
  "general": {
    "rate": 400,
    "rateSelector": [1],
    "gripType": "tac:one_handed_m1911",
    "recoilAngle": 10.75,
    "horizontalRecoilAngle": 6.35,
    "recoilKick": 1,
    "recoilAdsReduction": 0.25,
    "weaponRecoilOffset": 0.85,
    "cameraRecoilModifier": 4.275,
    "recoilDuration": 0.1875,
    "weightKilo": 1.2,

    "spread": 1.95,
    "firstShotSpread": 0.145,
    "hipFireInaccuracy": 2.55,
    "projToMinAccuracy": 4,
    "msToAccuracyReset": 280,
    "movementInaccuracy": 0.185
  },
  "reloads": {
    "magFed": true,
    "maxAmmo": 16,
    "reloadMagTimer": 22,
    "additionalReloadEmptyMagTimer": 10,
    "maxAdditionalAmmoPerOC": [3, 6, 10],
    "preReloadPauseTicks": 0
  },
  "projectile": {
    "item": "tac:9mm_round",
    "visible": false,
    "damage": 6,
    "armorIgnore": 0.6,
    "critical": 0.0,
    "criticalDamage": 1.0,
    "headDamage": 0.75,
    "closeDamage": 1.2,
    "decayStart": 0.0,
    "minDecayMultiplier": 0.35,
    "decayEnd": 0.95,
    "size": 0.05,
    "speed": 9.5,
    "trailLengthMultiplier": 2.75,
    "life": 9
  },
  "sounds": {
    "fire": "tac:item.cz75_fire",
    "reloadNormal": "tac:animation.cz75_reload_norm",
    "reloadEmpty": "tac:animation.cz75_reload_empty",
    "draw": "tac:animation.cz75_draw",
    "inspect": "tac:animation.cz75_inspect",
    "cock": "tac:item.pistol.cock",
    "silencedFire": "tac:item.cz75_fire_s"
  },
  "display": {
    "flash": {
      "yOffset": 9.475,
      "zOffset": -8,
      "size": 0.75,
      "trailAdjust": 0.575
    },
    "shellCasing": {
      "tickLife":10,
      "yOffset": 1.5,
      "xOffset": -0.5,
      "zOffset": 3.5,
      "scale": 1.5,
      "velocityX": 12,
      "velocityY": 9,
      "velocityZ": 4,
      "rVelocityX": 2,
      "rVelocityY": 4,
      "rVelocityZ": 0.0,
      "aVelocityX": 60.0,
      "aVelocityY": -120.0,
      "aVelocityZ": 0.0,
      "casingModel": "tac:special/shell_small"
    },
    "hipfireScale": 1,
    "hipfireMoveScale": 0.5,
    "hipfireRecoilScale": 1.0,
    "showDynamicHipfire":true,
    "weaponType": 2
  },
  "modules": {
    "zoom": {
      "fovModifier": 0.8,
      "yOffset": 11.4,
      "zOffset": -5.85
    },
    "attachments": {
      "barrel": {
        "yOffset": -100829.84,
        "zOffset": -11.8,
        "scale": 1.00
      },
      "extendedMag": {
        "yOffset": 1000.89,
        "zOffset": 5.35,
        "scale": 0.0
      }
    }
  }
}