{
  "general": {
    "rate": 400,
    "rateSelector": [1],
    "gripType": "tac:one_handed_m1911",
    "recoilAngle": 10.25,
    "horizontalRecoilAngle": 5.75,
    "recoilKick": 1.125,
    "recoilAdsReduction": 0.235,
    "weaponRecoilOffset": 0.8,
    "cameraRecoilModifier": 5.15,
    "recoilDuration": 0.285,
    "weightKilo": 0.9,

    "spread": 1.75,
    "firstShotSpread": 0.25,
    "hipFireInaccuracy": 2.55,
    "projToMinAccuracy": 3,
    "msToAccuracyReset": 300,
    "movementInaccuracy": 0.225
  },
  "reloads": {
    "magFed": true,
    "maxAmmo": 17,
    "reloadMagTimer": 25,
    "additionalReloadEmptyMagTimer": 7,
    "maxAdditionalAmmoPerOC": [5, 10, 16],
    "preReloadPauseTicks": 0
  },
  "projectile": {
    "item": "tac:9mm_round",
    "visible": false,
    "damage": 5,
    "armorIgnore": 0.6,
    "critical": 0.0,
    "criticalDamage": 1.0,
    "headDamage": 0.75,
    "closeDamage": 1.2,
    "decayStart": 0.0,
    "minDecayMultiplier": 0.5,
    "decayEnd": 0.95,
    "size": 0.075,
    "speed": 14,
    "trailLengthMultiplier": 3,
    "life": 6
  },
  "sounds": {
    "fire": "tac:item.glock17_fire",
    "reloadNormal": "tac:animation.glock17_reload_norm",
    "reloadEmpty": "tac:animation.glock17_reload_empty",
    "draw": "tac:animation.glock17_draw",
    "inspect": "tac:animation.glock17_inspect",
    "cock": "tac:item.pistol.cock",
    "silencedFire": "tac:item.glock17_fire_s"
  },
  "display": {
    "flash": {
      "yOffset": 10.35,
      "zOffset": -10.09,
      "size": 0.875,
      "trailAdjust": 0.625
    },
    "shellCasing": {
      "tickLife":10,
      "yOffset": 2.5,
      "xOffset": -1,
      "zOffset": 3.25,
      "scale": 1.5,
      "velocityX": 10,
      "velocityY": 7,
      "velocityZ": 1,
      "rVelocityX": 2,
      "rVelocityY": 4,
      "rVelocityZ": 1.0,
      "aVelocityX": 60.0,
      "aVelocityY": -120.0,
      "aVelocityZ": 0.0,
      "casingModel": "tac:special/shell_small"
    },
    "hipfireScale": 1.25,
    "hipfireMoveScale": 0.25,
    "hipfireRecoilScale": 1.00,
    "weaponType": 2
  },
  "modules": {
    "zoom": {
      "fovModifier": 0.8,
      "yOffset": 12.295,
      "zOffset": -4.8
    },
    "attachments": {
      "pistolBarrel": {
        "yOffset": -100829.84,
        "zOffset": -11.55,
        "scale": 1.00
      },
      "extendedMag": {
        "yOffset": 1000.89,
        "zOffset": 5.35,
        "scale": 0.0
      },
      "sideRail": {
        "yOffset": 7.799,
        "zOffset": -2.35,
        "scale": 0.00
      },
      "pistolScope": {
        "yOffset": 10.275,
        "zOffset": 4.715,
        "scale": 2,
        "doRenderMount": false,
        "doOnSlideMovement": true
      }
    }
  }
}