{
  "general": {
    "auto": true,
    "rate": 750,
    "burstRate": 12,
    "rateSelector": [2, 3, 1],
    "gripType": "tac:two_handed_ak47",
    "recoilAngle": 1.625,
    "horizontalRecoilAngle": 1.425,
    "recoilKick": 1.375,
    "recoilAdsReduction": 0.225,
    "weaponRecoilOffset": 0.65,
    "cameraRecoilModifier": 1.1,
    "recoilDuration": 0.275,
    "weightKilo": 1.35,

    "spread": 2.85,
    "firstShotSpread": 0.165,
    "hipFireInaccuracy": 3.05,
    "projToMinAccuracy": 6,
    "msToAccuracyReset": 380,
    "movementInaccuracy": 0.235
  },
  "reloads": {
    "magFed": true,
    "maxAmmo": 30,
    "reloadMagTimer": 35,
    "additionalReloadEmptyMagTimer": 16,
    "maxAdditionalAmmoPerOC": [5, 12, 20],
    "preReloadPauseTicks": 0
  },
  "projectile": {
    "item": "tac:9mm_round",
    "visible": false,
    "damage": 6.5,
    "armorIgnore": 0.7,
    "critical": 0.0,
    "criticalDamage": 0.625,
    "headDamage": 0.625,
    "closeDamage": 1.15,
    "decayStart": 0.05,
    "minDecayMultiplier": 0.4,
    "decayEnd": 0.95,
    "speed": 14,
    "size": 0.05,
    "life": 9,
    "trailLengthMultiplier": 2.5,
    "ricochet": true
  },
  "sounds": {
    "fire": "tac:item.mp5a5_fire",
    "reloadNormal": "tac:animation.hk_mp5a5_reload_norm",
    "reloadEmpty": "tac:animation.hk_mp5a5_reload_empty",
    "draw": "tac:animation.hk_mp5a5_draw",
    "inspect": "tac:animation.hk_mp5a5_inspect",
    "cock": "tac:item.pistol.cock",
    "silencedFire": "tac:item.mp5a5_fire_s"
  },
  "display": {
    "flash": {
      "yOffset": 10.75,
      "zOffset": -10.525,
      "size": 0.52,
      "trailAdjust": 0.75
    },
    "shellCasing": {
      "tickLife":10,
      "yOffset": 3.5,
      "xOffset": 0,
      "zOffset": 1.5,
      "scale": 1,
      "velocityX": 8,
      "velocityY": 2,
      "velocityZ": 0.0,
      "rVelocityX": 0.5,
      "rVelocityY": 1,
      "rVelocityZ": 0.0,
      "aVelocityX": 30.0,
      "aVelocityY": -90.0,
      "aVelocityZ": 15.0,
      "casingModel": "tac:special/shell_small"
    },
    "hipfireScale": 0.5,
    "hipfireMoveScale": 0.5,
    "hipfireRecoilScale": 1.0,
    "showDynamicHipfire":true,
    "weaponType": 4
  },
  "modules": {
    "zoom": {
      "fovModifier": 0.8,
      "yOffset": 13.225,
      "zOffset": -2.65
    },
    "attachments": {
      "barrel": {
        "yOffset": -100829.84,
        "zOffset": -11.55,
        "scale": 1.00
      },
      "extendedMag": {
        "yOffset": 1000.89,
        "zOffset": 5.35,
        "scale": 0.0
      },
      "scope": {
        "yOffset": 12.525,
        "zOffset": 3.85,
        "scale": 1.00
      },
      "pistolScope": {
        "yOffset": 12.525,
        "zOffset": 2.95,
        "scale": 1.0,
        "doRenderMount": true,
        "doOnSlideMovement": false
      },
      "stock": {
        "yOffset": 7.75,
        "zOffset": -22.05,
        "scale": 0.00
      },
      "underBarrel": {
        "yOffset": 7.799,
        "zOffset": -2.35,
        "scale": 0.00
      },
      "sideRail": {
        "yOffset": 7.799,
        "zOffset": -2.35,
        "scale": 0.00
      }
    }
  }
}