{
  "general": {
    "rate": 300,
    "rateSelector": [1],
    "gripType": "tac:one_handed_m1911",
    "recoilAngle": 13.75,
    "horizontalRecoilAngle": 5.325,
    "recoilKick": 1.125,
    "recoilAdsReduction": 0.25,
    "weaponRecoilOffset": 0.625,
    "cameraRecoilModifier": 4.65,
    "recoilDuration": 0.325,
    "weightKilo": 1.2,

    "spread": 2.35,
    "firstShotSpread": 0.205,
    "hipFireInaccuracy": 2.8,
    "projToMinAccuracy": 2,
    "msToAccuracyReset": 280,
    "movementInaccuracy": 0.245
  },
  "reloads": {
    "magFed": true,
    "maxAmmo": 7,
    "reloadMagTimer": 24,
    "additionalReloadEmptyMagTimer": 11,
    "maxAdditionalAmmoPerOC": [2, 4, 7],
    "preReloadPauseTicks": 0
  },
  "projectile": {
    "item": "tac:round45",
    "visible": false,
    "damage": 9,
    "armorIgnore": 0.6,
    "critical": 0.0,
    "criticalDamage": 1.0,
    "headDamage": 0.75,
    "closeDamage": 1.2,
    "decayStart": 0.0,
    "minDecayMultiplier": 0.35,
    "decayEnd": 0.95,
    "size": 0.075,
    "speed": 10.5,
    "life": 8,
    "trailLengthMultiplier": 3
  },
  "sounds": {
    "fire": "tac:item.m1911_fire",
    "reloadNormal": "tac:animation.m1911_reload_norm",
    "reloadEmpty": "tac:animation.m1911_reload_empty",
    "draw": "tac:animation.m1911_draw",
    "inspect": "tac:animation.m1911_inspect",
    "cock": "tac:item.pistol.cock",
    "silencedFire": "tac:item.m1911_fire_s"
  },
  "display": {
    "flash": {
      "yOffset": 11.15,
      "zOffset": -13.32,
      "size": 1.1,
      "trailAdjust": 0.88
    },
    "shellCasing": {
      "tickLife":10,
      "yOffset": 1.75,
      "xOffset": -0.5,
      "zOffset": 2,
      "scale": 1.75,
      "velocityX": 12,
      "velocityY": 9,
      "velocityZ": 2,
      "rVelocityX": 2,
      "rVelocityY": 2,
      "rVelocityZ": 1.0,
      "aVelocityX": 60.0,
      "aVelocityY": -120.0,
      "aVelocityZ": 0.0,
      "casingModel": "tac:special/shell_small"
    },
    "hipfireScale": 1,
    "hipfireMoveScale": 0.25,
    "hipfireRecoilScale": 1.00,
    "weaponType": 2
  },
  "modules": {
    "zoom":
    {
      "fovModifier": 0.8,
      "yOffset": 12.5125,
      "zOffset": -5.78
    },
    "attachments": {
      "extendedMag": {
        "yOffset": 1000.89,
        "zOffset": 5.35,
        "scale": 0.0
      }
    }
  }
}