{
  "general": {
    "auto": true,
    "rate": 720,
    "rateSelector": [2, 1],
    "gripType": "tac:two_handed_ak47",
    "recoilAngle": 3.35,
    "horizontalRecoilAngle": 1.25,
    "recoilKick": 1.375,
    "recoilAdsReduction": 0.25,
    "weaponRecoilOffset": 0.78,
    "cameraRecoilDuration": 1.025,
    "cameraRecoilModifier": 1.125,
    "recoilDuration": 0.225,
    "weightKilo": 3.55,

    "spread": 1.95,
    "firstShotSpread": 0.135,
    "hipFireInaccuracy": 6.5,
    "projToMinAccuracy": 5,
    "msToAccuracyReset": 400,
    "movementInaccuracy": 0.6
  },
  "reloads": {
    "magFed": true,
    "maxAmmo": 30,
    "reloadMagTimer": 35,
    "additionalReloadEmptyMagTimer": 12,
    "maxAdditionalAmmoPerOC": [10, 20, 30],
    "preReloadPauseTicks": 0
  },
  "projectile": {
    "item": "tac:nato_556_bullet",
    "visible": false,
    "damage": 6.25,
    "armorIgnore": 1.0,
    "critical": 0.00,
    "criticalDamage": 0.75,
    "headDamage": 1.0,
    "closeDamage": 1.1,
    "decayStart": 0.0,
    "minDecayMultiplier": 0.35,
    "decayEnd": 1.0,
    "size": 0.075,
    "speed": 20,
    "life": 9,
    "trailLengthMultiplier": 2.25,
    "ricochet": true
  },
  "sounds": {
    "fire": "tac:item.m4a1_fire",
    "reloadNormal": "tac:animation.m4_reload_norm",
    "reloadEmpty": "tac:animation.m4_reload_empty",
    "draw": "tac:animation.m4_draw",
    "inspect": "tac:animation.m4_inspect",
    "cock": "tac:item.pistol.cock",
    "silencedFire": "tac:item.m4a1_fire_s"
  },
  "display": {
    "flash": {
      "yOffset": 9.35,
      "zOffset": -17.55,
      "size": 0.90,
      "trailAdjust": 1.25
    },
    "shellCasing": {
      "tickLife":10,
      "yOffset": 1,
      "xOffset": 0,
      "zOffset": 0,
      "scale": 0.75,
      "velocityX": 9,
      "velocityY": 1.5,
      "velocityZ": -1,
      "rVelocityX": 1,
      "rVelocityY": 1.5,
      "rVelocityZ": 0.0,
      "aVelocityX": 15.0,
      "aVelocityY": -120.0,
      "aVelocityZ": 15.0,
      "casingModel": "tac:special/shell_large"
    },
    "hipfireScale": 1.25,
    "hipfireMoveScale": 0.25,
    "hipfireRecoilScale": 1.00,
    "weaponType": 0
  },
  "modules": {
    "zoom": {
      "fovModifier": 0.8,
      "yOffset": 12.58,
      "zOffset": 0
    },
    "attachments": {
      "scope": {
        "yOffset": 10.455,
        "zOffset": 5.045,
        "scale": 1.00
      },
      "extendedMag": {
        "yOffset": 1000.89,
        "zOffset": 5.35,
        "scale": 0.0
      },
      "barrel": {
        "yOffset": -100829.84,
        "zOffset": -11.55,
        "scale": 1.00
      },
      "stock": {
        "yOffset": 7.75,
        "zOffset": -22.05,
        "scale": 0.00
      },
      "underBarrel": {
        "yOffset": 7.799,
        "zOffset": -2.35,
        "scale": 0.00
      },
      "sideRail": {
        "yOffset": 7.799,
        "zOffset": -2.35,
        "scale": 0.00
      },
      "irDevice": {
        "yOffset": 7.799,
        "zOffset": -2.35,
        "scale": 0.00
      },
      "gunSkin": {
        "yOffset": 7.799,
        "zOffset": -2.35,
        "scale": 0.00
      }
    }
  }
}