{
  "general": {
    "auto": false,
    "rate": 200,
    "rateSelector": [1],
    "gripType": "tac:two_handed_mosin",
    "recoilAngle": 8.75,
    "horizontalRecoilAngle": 6.75,
    "recoilKick": 1.5,
    "recoilAdsReduction": 0.275,
    "recoilDuration": 0.65,
    "weaponRecoilOffset": 0.625,
    "cameraRecoilModifier": 1.55,
    "weightKilo": 15.0,

    "spread": 2,
    "firstShotSpread": 0.025,
    "hipFireInaccuracy": 10,
    "projToMinAccuracy": 5,
    "msToAccuracyReset": 750,
    "movementInaccuracy": 0.25
  },
  "reloads": {
    "magFed": true,
    "maxAmmo": 5,
    "reloadMagTimer": 74,
    "additionalReloadEmptyMagTimer": 22,
    "maxAdditionalAmmoPerOC": [2, 3, 5],
    "preReloadPauseTicks": 0
  },
  "projectile": {
    "item": "tac:50bmg",
    "visible": false,
    "gravity": true,
    "damage": 75,
    "armorIgnore": 2.0,
    "critical": 0.0,
    "criticalDamage": 1.0,
    "headDamage": 2.0,
    "closeDamage": 1.0,
    "decayStart": 0.0,
    "minDecayMultiplier": 0.2,
    "decayEnd": 0.8,
    "size": 0.35,
    "speed": 30.0,
    "life": 16,
    "trailLengthMultiplier": 3.75
  },
  "sounds": {
    "fire": "tac:item.m82a2_fire",
    "reloadNormal": "tac:animation.m82a2_reload_norm",
    "reloadEmpty": "tac:animation.m82a2_reload_empty",
    "draw": "tac:animation.m82a2_draw",
    "inspect": "tac:animation.m82a2_inspect",
    "cock": "tac:item.pistol.cock",
    "silencedFire": "tac:item.m82a2_fire_s"
  },
  "display": {
    "flash": {
      "yOffset": 9.25,
      "zOffset": -46.10,
      "size": 3,
      "trailAdjust": 3

    },
    "shellCasing": {
      "tickLife":10,
      "yOffset": 2,
      "xOffset": 0,
      "zOffset": -3,
      "scale": 1,
      "velocityX": 9,
      "velocityY": 1,
      "velocityZ": 1.0,
      "rVelocityX": 0.5,
      "rVelocityY": 1,
      "rVelocityZ": 0.0,
      "aVelocityX": 30.0,
      "aVelocityY": -60.0,
      "aVelocityZ": 15.0,
      "casingModel": "tac:special/shell_huge"
    },
    "weaponType": 5,
    "hipfireScale": 1,
    "hipfireMoveScale": 0.25,
    "hipfireRecoilScale": 1.00,
    "showDynamicHipfire": true
  },
  "modules": {
    "zoom": {
      "fovModifier": 0.67,
      "yOffset": 14,
      "zOffset": -2.5
    },
    "attachments": {
      "scope": {
        "yOffset": 11.575,
        "zOffset": 1.75,
        "scale": 1.0
      },
      "extendedMag": {
        "yOffset": 1000.89,
        "zOffset": 5.35,
        "scale": 0.0
      }
    }
  }
}