{
  "general": {
    "rate": 200,
    "rateSelector": [1],
    "gripType": "tac:two_handed_ak47",
    "recoilAngle": 13.175,
    "horizontalRecoilAngle": 0.55,
    "recoilKick": 2.25,
    "recoilAdsReduction": 0.175,
    "cameraRecoilModifier": 2.175,
    "weaponRecoilOffset": 0.725,
    "recoilDuration": 0.125,
    "projectileAmount": 9,
    "weightKilo": 5.1,

    "spread": 4.95,
    "firstShotSpread": 3.25,
    "hipFireInaccuracy": 1.25,
    "projToMinAccuracy": 2,
    "msToAccuracyReset": 420,
    "movementInaccuracy": 0.15
  },
  "reloads": {
    "magFed": false,
    "maxAmmo": 6,
    "reloadAmount": 1,
    "maxAdditionalAmmoPerOC": [1, 2, 4],
    "preReloadPauseTicks": 12,
    "interReloadPauseTicks": 15,
    "openBolt": true
  },
  "projectile": {
    "item": "tac:10_gauge_round",
    "visible": false,
    "damage": 33,
    "armorIgnore": 0.5,
    "critical": 0.0,
    "criticalDamage": 0.75,
    "headDamage": 0.55,
    "closeDamage": 1.1,
    "decayStart": 0.0,
    "minDecayMultiplier": 0.2,
    "decayEnd": 0.8,
    "size": 0.1,
    "speed": 18,
    "life": 3,
    "trailLengthMultiplier": 3.25,
    "ricochet": false
  },
  "sounds": {
    "fire": "tac:item.m870_fire",
    "pump": "tac:item.m870_pump",
    "reloadIntro": "tac:animation.m870_reload_intro",
    "reloadLoop": "tac:animation.m870_reload_loop",
    "reloadEnd": "tac:animation.m870_reload_norm_end",
    "reloadEndEmpty": "tac:animation.m870_reload_empty_end",
    "draw": "tac:animation.m870_draw",
    "inspect": "tac:animation.m870_inspect",
    "cock": "tac:item.pistol.cock",
    "silencedFire": "tac:item.m870_fire_s"
  },
  "display": {
    "flash": {
      "yOffset": 9,
      "zOffset": -22.05,
      "size": 1.20,
      "trailAdjust": 1.63
    },
    "hipfireScale": 1.375,
    "hipfireMoveScale": 0.15,
    "hipfireRecoilScale": 0.45,
    "weaponType": 3
  },
  "modules": {
    "zoom": {
      "fovModifier": 0.8,
      "yOffset": 10.175,
      "zOffset": -2.1
    },
    "attachments": {
      "extendedMag": {
        "yOffset": 1000.89,
        "zOffset": 5.35,
        "scale": 0.0
      }
    }
  }
}