{
  "general": {
    "rate": 400,
    "rateSelector": [1],
    "gripType": "tac:one_handed_m1911",
    "recoilAngle": 10.75,
    "horizontalRecoilAngle": 5.25,
    "recoilKick": 1.125,
    "recoilAdsReduction": 0.25,
    "weaponRecoilOffset": 0.7125,
    "cameraRecoilModifier": 4.5,
    "recoilDuration": 0.225,
    "weightKilo": 1.0,

    "spread": 1.55,
    "firstShotSpread": 0.195,
    "hipFireInaccuracy": 1.95,
    "projToMinAccuracy": 3,
    "msToAccuracyReset": 270,
    "movementInaccuracy": 0.15
  },
  "reloads": {
    "magFed": true,
    "maxAmmo": 15,
    "reloadMagTimer": 20,
    "additionalReloadEmptyMagTimer": 6,
    "maxAdditionalAmmoPerOC": [4, 8, 13],
    "preReloadPauseTicks": 6
  },
  "projectile": {
    "item": "tac:9mm_round",
    "visible": false,
    "damage": 6.5,
    "armorIgnore": 0.6,
    "critical": 0.0,
    "criticalDamage": 1.0,
    "headDamage": 0.75,
    "closeDamage": 1.2,
    "decayStart": 0.0,
    "minDecayMultiplier": 0.45,
    "decayEnd": 0.85,
    "size": 0.05,
    "speed": 12.5,
    "trailLengthMultiplier": 2.5,
    "life": 7
  },
  "sounds": {
    "fire": "tac:item.m92fs_fire",
    "reloadNormal": "tac:animation.m92fs_reload_norm",
    "reloadEmpty": "tac:animation.m92fs_reload_empty",
    "draw": "tac:animation.m92fs_draw",
    "inspect": "tac:animation.m92fs_inspect",
    "cock": "tac:item.pistol.cock",
    "silencedFire": "tac:item.m92fs_fire_s"
  },
  "display": {
    "flash": {
      "yOffset": 11.15,
      "zOffset": -12.09,
      "size": 0.75,
      "trailAdjust": 0.7
    },
    "shellCasing": {
      "tickLife":10,
      "yOffset": 2.5,
      "xOffset": -0.5,
      "zOffset": 3.5,
      "scale": 1.5,
      "velocityX": 11,
      "velocityY": 7,
      "velocityZ": 4,
      "rVelocityX": 2,
      "rVelocityY": 4,
      "rVelocityZ": 1.0,
      "aVelocityX": 45.0,
      "aVelocityY": -120.0,
      "aVelocityZ": 0.0,
      "casingModel": "tac:special/shell_small"
    },
    "hipfireScale": 2,
    "hipfireMoveScale": 0.5,
    "hipfireRecoilScale": 1.00,
    "weaponType": 2
  },
  "modules": {
    "zoom": {
      "fovModifier": 0.8,
      "yOffset": 12.75,
      "zOffset": -4
    },
    "attachments": {
      "pistolBarrel": {
        "yOffset": -100829.84,
        "zOffset": -11.55,
        "scale": 1.00
      },
      "sideRail": {
        "yOffset": 7.799,
        "zOffset": -2.35,
        "scale": 0.00
      },
      "extendedMag": {
        "yOffset": 1000.89,
        "zOffset": 5.35,
        "scale": 0.0
      }
    }
  }
}