{
  "general": {
    "auto": true,
    "rate": 725,
    "rateSelector": [2, 1],
    "gripType": "tac:two_handed_ak47",
    "recoilAngle": 3.325,
    "horizontalRecoilAngle": 2.75,
    "recoilKick": 1.8,
    "recoilAdsReduction": 0.215,
    "weaponRecoilOffset": 0.775,
    "cameraRecoilModifier": 1.65,
    "recoilDuration": 0.135,
    "weightKilo": 4.3,

    "spread": 1.775,
    "firstShotSpread": 0.115,
    "hipFireInaccuracy": 6.25,
    "projToMinAccuracy": 5,
    "msToAccuracyReset": 360,
    "movementInaccuracy": 0.55
  },
  "projectile": {
    "item": "tac:762x39",
    "visible": false,
    "damage": 8,
    "armorIgnore": 1.0,
    "critical": 0.00,
    "criticalDamage": 0.75,
    "headDamage": 1.0,
    "closeDamage": 1.1,
    "decayStart": 0.05,
    "minDecayMultiplier": 0.35,
    "decayEnd": 0.95,
    "size": 0.1,
    "speed": 20,
    "trailLengthMultiplier": 2.75,
    "life": 10
  },
  "reloads": {
    "magFed": true,
    "maxAmmo": 30,
    "reloadMagTimer": 34,
    "additionalReloadEmptyMagTimer": 14,
    "maxAdditionalAmmoPerOC": [5, 12, 20],
    "preReloadPauseTicks": 0
  },
  "sounds": {
    "fire": "tac:item.mk47_fire",
    "reloadNormal": "tac:animation.mk47_reload_norm",
    "reloadEmpty": "tac:animation.mk47_reload_empty",
    "draw": "tac:animation.mk47_draw",
    "inspect": "tac:animation.mk47_inspect",
    "cock": "tac:item.pistol.cock",
    "silencedFire": "tac:item.mk47_fire_s"
  },
  "display": {
    "flash": {
      "yOffset": 9.55,
      "zOffset": -17.35,
      "size": 1
    },
    "shellCasing": {
      "tickLife":10,
      "yOffset": 1.25,
      "xOffset": 0,
      "zOffset": -1,
      "scale": 1,
      "velocityX": 9,
      "velocityY": 1.5,
      "velocityZ": -2,
      "rVelocityX": 1,
      "rVelocityY": 1.5,
      "rVelocityZ": 0.0,
      "aVelocityX": 30.0,
      "aVelocityY": -60.0,
      "aVelocityZ": 15.0,
      "casingModel": "tac:special/shell_steel"
    },
    "hipfireScale": 1.25,
    "hipfireMoveScale": 0.5,
    "hipfireRecoilScale": 1.25,
    "showDynamicHipfire": true,
    "weaponType": 0
  },
  "modules": {
    "zoom": {
      "fovModifier": 0.8,
      "yOffset": 12.415,
      "zOffset": 0.8
    },
    "attachments": {
      "barrel": {
        "yOffset": -100829.84,
        "zOffset": -11.55,
        "scale": 1.00
      },
      "extendedMag": {
        "yOffset": 1000.89,
        "zOffset": 5.35,
        "scale": 0.0
      },
      "stock": {
        "yOffset": 7.75,
        "zOffset": -22.05,
        "scale": 0.00
      },
      "sideRail": {
        "yOffset": 7.799,
        "zOffset": -2.35,
        "scale": 0.00
      },
      "irDevice": {
        "yOffset": 7.799,
        "zOffset": -2.35,
        "scale": 0.00
      },
      "scope": {
        "yOffset": 10.8,
        "zOffset": 0.66,
        "scale": 1.0
      },
      "pistolScope": {
        "yOffset": 10.8,
        "zOffset": -0.36,
        "scale": 1.0,
        "doRenderMount": true,
        "doOnSlideMovement": false
      }
    }
  }
}