{
  "general": {
    "auto": true,
    "rate": 750,
    "rateSelector": [2, 1],
    "gripType": "tac:two_handed_vector",
    "recoilAngle": 1.75,
    "horizontalRecoilAngle": 1.45,
    "recoilKick": 1.755,
    "recoilAdsReduction": 0.25,
    "weaponRecoilOffset": 0.85,
    "cameraRecoilModifier": 1.2,
    "recoilDuration": 0.25,
    "weightKilo": 2.5,

    "spread": 2.5,
    "firstShotSpread": 0.165,
    "hipFireInaccuracy": 2.95,
    "projToMinAccuracy": 4,
    "msToAccuracyReset": 360,
    "movementInaccuracy": 0.2
  },
  "reloads": {
    "magFed": true,
    "maxAmmo": 20,
    "reloadMagTimer": 32,
    "additionalReloadEmptyMagTimer": 10,
    "maxAdditionalAmmoPerOC": [5, 10, 20],
    "preReloadPauseTicks": 0
  },
  "projectile": {
    "item": "tac:9mm_round",
    "visible": false,
    "damage": 5.5,
    "armorIgnore": 0.7,
    "critical": 0.0,
    "criticalDamage": 0.625,
    "headDamage": 0.625,
    "closeDamage": 1.15,
    "decayStart": 0.0,
    "minDecayMultiplier": 0.3,
    "decayEnd": 0.9,
    "size": 0.05,
    "speed": 12.0,
    "life": 9,
    "trailLengthMultiplier": 2,
    "ricochet": true
  },
  "sounds": {
    "fire": "tac:item.mp9_fire",
    "reloadNormal": "tac:animation.mp9_reload_norm",
    "reloadEmpty": "tac:animation.mp9_reload_empty",
    "draw": "tac:animation.mp9_draw",
    "inspect": "tac:animation.mp9_inspect",
    "cock": "tac:item.pistol.cock",
    "silencedFire": "tac:item.mp9_fire_s"
  },
  "display": {
    "flash": {
      "yOffset": 8.45,
      "zOffset": -8.125,
      "size": 0.5,
      "trailAdjust": 0.5
    },
    "shellCasing": {
      "yOffset": 0.5,
      "xOffset": 0,
      "zOffset": 0.5,
      "scale": 0.8,
      "velocityX": 8,
      "velocityY": 2,
      "velocityZ": -1,
      "rVelocityX": 0.0,
      "rVelocityY": 2,
      "rVelocityZ": 0.0,
      "aVelocityX": 30.0,
      "aVelocityY": -75.0,
      "aVelocityZ": 30.0,
      "casingModel": "tac:special/shell_small"
    },
    "hipfireScale": 1.25,
    "hipfireMoveScale": 0.375,
    "hipfireRecoilScale": 1.31,
    "weaponType": 4
  },
  "modules": {
    "zoom": {
      "fovModifier": 0.8,
      "yOffset": 10.025,
      "zOffset": 0.5
    },
    "attachments": {
      "scope": {
        "yOffset": 9.325,
        "zOffset": 1.25,
        "scale": 1.00
      },
      "pistolScope": {
        "yOffset": 9.375,
        "zOffset": 2,
        "scale": 1.0,
        "doRenderMount": true,
        "doOnSlideMovement": false
      },
      "sideRail": {
        "yOffset": 7.799,
        "zOffset": -2.35,
        "scale": 0.00
      },
      "extendedMag": {
        "yOffset": 1000.89,
        "zOffset": 5.35,
        "scale": 0.0
      }
    }
  }
}