{
  "general": {
    "auto": true,
    "rate": 750,
    "rateSelector": [2, 1],
    "gripType": "tac:two_handed_ak47",
    "recoilAngle": 2,
    "horizontalRecoilAngle": 1.5,
    "recoilKick": 1.625,
    "recoilAdsReduction": 0.25,
    "weaponRecoilOffset": 0.75,
    "cameraRecoilModifier": 1.25,
    "recoilDuration": 0.35,
    "weightKilo": 4.4,

    "spread": 1.575,
    "firstShotSpread": 0.115,
    "hipFireInaccuracy": 5.35,
    "projToMinAccuracy": 6,
    "msToAccuracyReset": 300,
    "movementInaccuracy": 0.5
  },
  "reloads": {
    "magFed": true,
    "maxAmmo": 30,
    "reloadMagTimer": 35,
    "additionalReloadEmptyMagTimer": 7,
    "maxAdditionalAmmoPerOC": [10, 20, 30],
    "preReloadPauseTicks": 0
  },
  "projectile": {
    "item": "tac:58x42",
    "visible": false,
    "damage": 7.25,
    "armorIgnore": 1.0,
    "critical": 0.00,
    "criticalDamage": 0.75,
    "headDamage": 1.0,
    "closeDamage": 1.1,
    "decayStart": 0.05,
    "minDecayMultiplier": 0.40,
    "decayEnd": 0.95,
    "size": 0.1,
    "speed": 20.5,
    "life": 10,
    "trailLengthMultiplier": 2.75
  },
  "sounds": {
    "fire": "tac:item.qbz191_fire",
    "reloadNormal": "tac:animation.qbz_191_reload_norm",
    "reloadEmpty": "tac:animation.qbz_191_reload_empty",
    "draw": "tac:animation.qbz_191_draw",
    "inspect": "tac:animation.qbz_191_inspect",
    "cock": "tac:item.pistol.cock",
    "silencedFire": "tac:item.qbz191_fire_s"
  },
  "display": {
    "flash": {
      "yOffset": 9,
      "zOffset": -15.25,
      "size": 0.95,
      "trailAdjust": 1
    },
    "shellCasing": {
      "tickLife":10,
      "yOffset": 1,
      "xOffset": 0,
      "zOffset": 3,
      "scale": 0.75,
      "velocityX": 9,
      "velocityY": 1.5,
      "velocityZ": -3,
      "rVelocityX": 1,
      "rVelocityY": 1,
      "rVelocityZ": 0.0,
      "aVelocityX": 30.0,
      "aVelocityY": -90.0,
      "aVelocityZ": 15.0,
      "casingModel": "tac:special/shell_steel"
    },
    "hipfireScale": 1.125,
    "hipfireMoveScale": 0.375,
    "hipfireRecoilScale": 1.31
  },
  "modules": {
    "zoom": {
      "fovModifier": 0.8,
      "yOffset": 11.75,
      "zOffset": -4.5
    },
    "attachments": {
      "barrel": {
        "yOffset": -100829.84,
        "zOffset": -11.55,
        "scale": 1.00
      },
      "scope": {
        "yOffset": 9.89,
        "zOffset": 7,
        "scale": 1.00
      },
      "pistolScope": {
        "yOffset": 9.95,
        "zOffset": 7,
        "scale": 1.0,
        "doRenderMount": true,
        "doOnSlideMovement": false
      },
      "underBarrel": {
        "yOffset": 7.799,
        "zOffset": -2.35,
        "scale": 0.00
      }
    }
  }
}