{
  "general": {
    "auto": true,
    "rate": 600,
    "burstRate": 18,
    "rateSelector": [2, 3, 1],
    "gripType": "tac:two_handed_ak47",
    "recoilAngle": 1.625,
    "recoilKick": 1.5,
    "horizontalRecoilAngle": 1.875,
    "recoilAdsReduction": 0.235,
    "weaponRecoilOffset": 0.85,
    "cameraRecoilModifier": 0.9,
    "recoilDuration": 0.205,
    "weightKilo": 3.9,

    "spread": 1.85,
    "firstShotSpread": 0.125,
    "hipFireInaccuracy": 5.5,
    "projToMinAccuracy": 5,
    "msToAccuracyReset": 420,
    "movementInaccuracy": 0.6
  },
  "reloads": {
    "magFed": true,
    "maxAmmo": 30,
    "reloadMagTimer": 20,
    "additionalReloadEmptyMagTimer": 15,
    "maxAdditionalAmmoPerOC": [10, 20, 40],
    "preReloadPauseTicks": 14
  },
  "projectile": {
    "item": "tac:58x42",
    "visible": false,
    "damage": 7.25,
    "armorIgnore": 1.0,
    "critical": 0.00,
    "criticalDamage": 0.75,
    "headDamage": 1.0,
    "closeDamage": 1.1,
    "decayStart": 0.0,
    "minDecayMultiplier": 0.35,
    "decayEnd": 1.0,
    "size": 0.075,
    "speed": 19.5,
    "life": 10,
    "trailLengthMultiplier": 3
  },
  "sounds": {
    "fire": "tac:item.qbz95_fire",
    "reloadNormal": "tac:animation.type_95_reload_norm",
    "reloadEmpty": "tac:animation.type_95_reload_empty",
    "draw": "tac:animation.type_95_draw",
    "inspect": "tac:animation.type_95_inspect",
    "cock": "tac:item.pistol.cock",
    "silencedFire": "tac:item.qbz95_fire_s"
  },
  "display": {
    "flash": {
      "yOffset": 8.35,
      "zOffset": -17,
      "size": 1.10,
      "trailAdjust": 1.225
    },
    "shellCasing": {
      "tickLife":5,
      "yOffset": 1,
      "xOffset": 0,
      "zOffset": 9.5,
      "scale": 0.75,
      "velocityX": 11,
      "velocityY": 2,
      "velocityZ": -5.5,
      "rVelocityX": 1,
      "rVelocityY": 1.5,
      "rVelocityZ": 0.0,
      "aVelocityX": 30.0,
      "aVelocityY": -60.0,
      "aVelocityZ": 15.0,
      "casingModel": "tac:special/shell_steel"
    },
    "hipfireScale": 1.125,
    "hipfireMoveScale": 0.375,
    "hipfireRecoilScale": 1.31,
    "weaponType": 0
  },
  "modules": {
    "zoom":{
      "fovModifier": 0.8,
      "yOffset": 13.1,
      "zOffset": -2.5
    },"attachments": {
      "barrel": {
        "yOffset": -100829.84,
        "zOffset": -21.55,
        "scale": 1.00
      },
      "scope": {
        "yOffset": 12.39,
        "zOffset": 3.9,
        "scale": 1.00
      },
      "extendedMag": {
        "yOffset": 1000.89,
        "zOffset": 5.35,
        "scale": 0.0
      },
      "pistolScope": {
        "yOffset": 12.39,
        "zOffset": 2.5,
        "scale": 1.0,
        "doRenderMount": true,
        "doOnSlideMovement": false
      }
    }
  }
}