{
  "general": {
    "auto": true,
    "rate": 600,
    "rateSelector": [2],
    "gripType":  "tac:two_handed_ak47",
    "recoilAngle": 3.125,
    "horizontalRecoilAngle": 1.65,
    "recoilKick": 1.575,
    "recoilAdsReduction": 0.25,
    "weaponRecoilOffset": 0.7875,
    "cameraRecoilModifier": 1.35,
    "recoilDuration": 0.205,
    "weightKilo": 6.5,

    "spread": 0.545,
    "firstShotSpread": 0.125,
    "hipFireInaccuracy": 6.45,
    "projToMinAccuracy": 6,
    "msToAccuracyReset": 720,
    "movementInaccuracy": 0.55
  },
  "projectile": {
    "item":  "tac:762x39",
    "visible": false,
    "damage": 9,
    "armorIgnore": 1.1,
    "critical": 0.0,
    "criticalDamage": 0.875,
    "headDamage": 1.0,
    "closeDamage": 1.1,
    "decayStart": 0.0,
    "minDecayMultiplier": 0.25,
    "decayEnd": 0.9,
    "size": 0.1,
    "speed": 23.5,
    "trailLengthMultiplier": 2.75,
    "life": 11
  },
  "reloads": {
    "magFed": true,
    "maxAmmo": 40,
    "reloadMagTimer": 48,
    "additionalReloadEmptyMagTimer": 18,
    "maxAdditionalAmmoPerOC": [10, 22, 35],
    "preReloadPauseTicks": 0
  },
  "sounds": {
    "fire":  "tac:item.rpk_fire",
    "reloadNormal": "tac:animation.rpk_reload_norm",
    "reloadEmpty": "tac:animation.rpk_reload_empty",
    "draw": "tac:animation.rpk_draw",
    "inspect": "tac:animation.rpk_inspect",
    "cock":  "tac:item.pistol.cock",
    "silencedFire":  "tac:item.rpk_fire_s"
  },
  "display": {
    "flash": {
      "yOffset": 11.3,
      "zOffset": -23.75,
      "trailAdjust": 1.65,
      "size": 0.8
    },
    "shellCasing": {
      "tickLife":10,
      "yOffset": 4,
      "xOffset": 0,
      "zOffset": 3,
      "scale": 1,
      "velocityX": 9,
      "velocityY": 1.5,
      "velocityZ": -1,
      "rVelocityX": 1,
      "rVelocityY": 1.5,
      "rVelocityZ": 0.0,
      "aVelocityX": 15.0,
      "aVelocityY": -60.0,
      "aVelocityZ": 15.0,
      "casingModel": "tac:special/shell_steel"
    },
    "hipfireScale": 3.5,
    "hipfireMoveScale": 0.375,
    "hipfireRecoilScale": 1,
    "showDynamicHipfire": true,
    "weaponType": 0
  },
  "modules": {
    "zoom": {
      "fovModifier": 0.7,
      "yOffset": 13.775,
      "zOffset": -4.9
    },
    "attachments": {
      "stock": {
        "yOffset": 7.75,
        "zOffset": -22.05,
        "scale": 0.00
      },
      "extendedMag": {
        "yOffset": 1000.89,
        "zOffset": 5.35,
        "scale": 0.0
      },
      "scope": {
        "yOffset": 13.57,
        "zOffset": 7.9,
        "scale": 1.0
      },
      "pistolScope": {
        "yOffset": 13.57,
        "zOffset": 6.9,
        "scale": 1.0,
        "doRenderMount": true,
        "doOnSlideMovement": false
      }
    }
  }
}