{
  "general": {
    "auto": true,
    "rate": 600,
    "rateSelector": [2, 1],
    "gripType": "tac:two_handed_ak47",
    "recoilAngle": 1.975,
    "horizontalRecoilAngle": 1.125,
    "recoilKick": 1.6,
    "recoilAdsReduction": 0.24,
    "weaponRecoilOffset": 0.755,
    "cameraRecoilModifier": 1.275,
    "recoilDuration": 0.35,
    "weightKilo": 5.60,

    "spread": 1.8,
    "firstShotSpread": 0.105,
    "hipFireInaccuracy": 4.05,
    "projToMinAccuracy": 4,
    "msToAccuracyReset": 300,
    "movementInaccuracy": 0.45
  },
  "projectile": {
    "item": "tac:nato_556_bullet",
    "visible": false,
    "damage": 8.25,
    "armorIgnore": 1.0,
    "critical": 0.00,
    "criticalDamage": 0.75,
    "headDamage": 1.0,
    "closeDamage": 1.1,
    "decayStart": 0.0,
    "minDecayMultiplier": 0.3,
    "decayEnd": 1.0,
    "size": 0.1,
    "speed": 20.5,
    "trailLengthMultiplier": 2.875,
    "life": 10
  },
  "reloads": {
    "magFed": true,
    "maxAmmo": 30,
    "reloadMagTimer": 32,
    "additionalReloadEmptyMagTimer": 13,
    "maxAdditionalAmmoPerOC": [10, 20, 30],
    "preReloadPauseTicks": 0
  },
  "sounds": {
    "fire": "tac:item.scarl_fire",
    "reloadNormal": "tac:animation.scar_l_reload_norm",
    "reloadEmpty": "tac:animation.scar_l_reload_empty",
    "draw": "tac:animation.scar_l_draw",
    "inspect": "tac:animation.scar_l_inspect",
    "cock": "tac:item.pistol.cock",
    "silencedFire": "tac:item.scarl_fire_s"
  },
  "display": {
    "flash": {
      "yOffset": 9.445,
      "zOffset": -16.77,
      "size": 0.75,
      "trailAdjust": 1.125
    },
    "shellCasing": {
      "tickLife":10,
      "yOffset": 1,
      "xOffset": 0,
      "zOffset": 2,
      "scale": 0.75,
      "velocityX": 9,
      "velocityY": 2,
      "velocityZ": -2.0,
      "rVelocityX": 1.0,
      "rVelocityY": 1.5,
      "rVelocityZ": 0.0,
      "aVelocityX": 30.0,
      "aVelocityY": -75.0,
      "aVelocityZ": 10.0,
      "casingModel": "tac:special/shell_large"
    },
    "hipfireScale": 1.25,
    "hipfireMoveScale": 0.35,
    "hipfireRecoilScale": 1,
    "showDynamicHipfire": true
    
  },
  "modules": {
    "zoom": {
      "fovModifier": 0.8,
      "yOffset": 12.845,
      "zOffset": -5.805
    },
    "attachments": {
      "scope": {
        "yOffset": 10.89,
        "zOffset": 6.715,
        "scale": 1.0
      },
      "pistolScope": {
        "yOffset": 10.89,
        "zOffset": 5.35,
        "scale": 1.0,
        "doRenderMount": true,
        "doOnSlideMovement": false
      },
      "extendedMag": {
        "yOffset": 1000.89,
        "zOffset": 5.35,
        "scale": 0.0
      },
      "underBarrel": {
        "yOffset": 7.799,
        "zOffset": -2.35,
        "scale": 0.00
      },
      "sideRail": {
        "yOffset": 7.799,
        "zOffset": -2.35,
        "scale": 0.00
      },
      "irDevice": {
        "yOffset": 7.799,
        "zOffset": -2.35,
        "scale": 0.00
      },
      "barrel": {
        "yOffset": -100829.84,
        "zOffset": -22.80,
        "scale": 1.00
      }
    }
  }
}

