{
  "general": {
    "auto": true,
    "rate": 700,
    "rateSelector": [2, 1],
    "gripType": "tac:two_handed_ak47",
    "recoilAngle": 1.9375,
    "horizontalRecoilAngle": 0.825,
    "recoilKick": 1.5,
    "recoilAdsReduction": 0.25,
    "weaponRecoilOffset": 0.75,
    "cameraRecoilModifier": 1.125,
    "recoilDuration": 0.35,
    "weightKilo": 5.2,

    "spread": 0.925,
    "firstShotSpread": 0.105,
    "hipFireInaccuracy": 4.95,
    "projToMinAccuracy": 6,
    "msToAccuracyReset": 300,
    "movementInaccuracy": 0.4
  },
  "reloads": {
    "magFed": true,
    "maxAmmo": 20,
    "reloadMagTimer": 42,
    "additionalReloadEmptyMagTimer": 18,
    "preReloadPauseTicks": 5
  },
  "projectile": {
    "item": "tac:bullet68",
    "visible": false,
    "damage": 8,
    "armorIgnore": 1.0,
    "critical": 0.00,
    "criticalDamage": 0.75,
    "headDamage": 1.0,
    "closeDamage": 1.1,
    "decayStart": 0.1,
    "minDecayMultiplier": 0.25,
    "decayEnd": 1.0,
    "size": 0.1,
    "speed": 23.5,
    "life": 9,
    "trailLengthMultiplier": 2.75,
    "ricochet": true
  },
  "sounds": {
    "fire": "tac:item.sigmcx_fire",
    "reloadNormal": "tac:animation.sig_mcx_spear_reload_norm",
    "reloadEmpty": "tac:animation.sig_mcx_spear_reload_empty",
    "draw": "tac:animation.sig_mcx_spear_draw",
    "inspect": "tac:animation.sig_mcx_spear_inspect",
    "cock": "tac:item.pistol.cock",
    "silencedFire": "tac:item.sigmcx_fire_s"
  },
  "display": {
    "flash": {
      "yOffset": 9.35,
      "zOffset": -17.55,
      "size": 0.90
    },
    "shellCasing": {
      "tickLife":10,
      "yOffset": 2,
      "xOffset": 0,
      "zOffset": 1.5,
      "scale": 1,
      "velocityX": 9,
      "velocityY": 1.5,
      "velocityZ": 0.0,
      "rVelocityX": 1.0,
      "rVelocityY": 1.5,
      "rVelocityZ": 0.0,
      "aVelocityX": 30.0,
      "aVelocityY": -70.0,
      "aVelocityZ": 10.0,
      "casingModel": "tac:special/shell_large"
    },
    "hipfireScale": 2,
    "hipfireMoveScale": 0.25,
    "hipfireRecoilScale": 1,
    "weaponType": 0
  },
  "modules": {
    "zoom": {
      "fovModifier": 0.8,
      "yOffset": 13.58,
      "zOffset": -5.5
    },
    "attachments": {
      "scope": {
        "yOffset": 11.365,
        "zOffset": 6.0,
        "scale": 1.00
      },
      "pistolScope": {
        "yOffset": 11.375,
        "zOffset": 6,
        "scale": 1.0,
        "doRenderMount": true,
        "doOnSlideMovement": false
      },
      "underBarrel": {
        "yOffset": 7.799,
        "zOffset": -2.35,
        "scale": 0.00
      },
      "sideRail": {
        "yOffset": 7.799,
        "zOffset": -2.35,
        "scale": 0.00
      },
      "irDevice": {
        "yOffset": 7.799,
        "zOffset": -2.35,
        "scale": 0.00
      }
    }
  }
}