{
  "general": {
    "auto": true,
    "rate": 400,
    "burstRate": 20,
    "burstCount": 2,
    "rateSelector": [1, 3],
    "gripType": "tac:two_handed_ak47",
    "recoilAngle": 3.425,
    "horizontalRecoilAngle": 3.05,
    "recoilKick": 1.25,
    "recoilAdsReduction": 0.235,
    "weaponRecoilOffset": 0.6875,
    "cameraRecoilModifier": 1.575,
    "recoilDuration": 0.175,
    "weightKilo": 3.5,

    "spread": 1.25,
    "firstShotSpread": 0.095,
    "hipFireInaccuracy": 9.75,
    "projToMinAccuracy": 3,
    "msToAccuracyReset": 520,
    "movementInaccuracy": 0.25
  },
  "reloads": {
    "magFed": true,
    "maxAmmo": 20,
    "reloadMagTimer": 28,
    "additionalReloadEmptyMagTimer": 11,
   "maxAdditionalAmmoPerOC": [3, 6, 10],
    "preReloadPauseTicks": 0
  },
  "projectile": {
    "item": "tac:nato_556_bullet",
    "visible": false,
    "damage": 8.5,
    "armorIgnore": 1.2,
    "critical": 0.0,
    "criticalDamage": 1.0,
    "headDamage": 1.25,
    "closeDamage": 1.0,
    "decayStart": 0.0,
    "minDecayMultiplier": 0.35,
    "decayEnd": 0.85,
    "speed": 30,
    "size": 0.075,
    "life": 11,
    "trailLengthMultiplier": 2.75,
    "ricochet": true
  },
  "sounds": {
    "fire": "tac:item.spr15_fire",
    "reloadNormal": "tac:animation.spr15_reload_norm",
    "reloadEmpty": "tac:animation.spr15_reload_empty",
    "draw": "tac:animation.spr15_draw",
    "inspect": "tac:animation.spr15_inspect",
    "cock": "tac:item.pistol.cock",
    "silencedFire": "tac:item.spr15_fire_s"
  },
  "display": {
    "flash": {
      "yOffset": 9.35,
      "zOffset": -22.5,
      "size": 1.10,
      "trailAdjust": 1.375
    },
    "shellCasing": {
      "tickLife":10,
      "yOffset": 1,
      "xOffset": -0.5,
      "zOffset": 1,
      "scale": 0.75,
      "velocityX": 9,
      "velocityY": 2,
      "velocityZ": -1.0,
      "rVelocityX": 1.0,
      "rVelocityY": 1.5,
      "rVelocityZ": 0.0,
      "aVelocityX": 30.0,
      "aVelocityY": -75.0,
      "aVelocityZ": 15.0,
      "casingModel": "tac:special/shell_large"
    },
    "hipfireScale": 1.375,
    "hipfireMoveScale": 0.25,
    "hipfireRecoilScale": 1,
    "weaponType": 0,
    "showDynamicHipfire": true
  },
  "modules": {
    "zoom": {
      "fovModifier": 0.67,
      "yOffset": 12.445,
      "zOffset": -2.7
    },
    "attachments": {
      "barrel": {
        "yOffset": -100829.84,
        "zOffset": -11.55,
        "scale": 1.00
      },
      "extendedMag": {
        "yOffset": 1000.89,
        "zOffset": 5.35,
        "scale": 0.0
      },
      "scope": {
        "yOffset": 10.68,
        "zOffset": 5.095,
        "scale": 1.00
      },
      "pistolScope": {
        "yOffset": 10.68,
        "zOffset": 4.05,
        "scale": 1.0,
        "doRenderMount": true,
        "doOnSlideMovement": false
      },
      "stock": {
        "yOffset": 7.75,
        "zOffset": -22.05,
        "scale": 0.00
      },
      "underBarrel": {
        "yOffset": 7.799,
        "zOffset": -3.65,
        "scale": 0.00
      },
      "sideRail": {
        "yOffset": 7.799,
        "zOffset": -2.35,
        "scale": 0.00
      }
    }
  }
}