{
  "general": {
    "rate": 400,
    "rateSelector": [1],
    "gripType": "tac:one_handed_m1911",
    "recoilAngle": 11.75,
    "horizontalRecoilAngle": 5.325,
    "recoilKick": 1.125,
    "recoilAdsReduction": 0.165,
    "weaponRecoilOffset": 0.725,
    "cameraRecoilModifier": 5.35,
    "recoilDuration": 0.25,
    "weightKilo": 1.7,

    "spread": 1.25,
    "firstShotSpread": 0.1,
    "hipFireInaccuracy": 3.25,
    "projToMinAccuracy": 4,
    "msToAccuracyReset": 240,
    "movementInaccuracy": 0.1
  },
  "reloads": {
    "magFed": true,
    "maxAmmo": 13,
    "reloadMagTimer": 28,
    "additionalReloadEmptyMagTimer": 12,
    "maxAdditionalAmmoPerOC": [3, 5, 8],
    "preReloadPauseTicks": 0
  },
  "projectile": {
    "item": "tac:round45",
    "visible": false,
    "damage": 9.5,
    "armorIgnore": 0.6,
    "critical": 0.0,
    "criticalDamage": 1.0,
    "headDamage": 0.75,
    "closeDamage": 1.2,
    "decayStart": 0.0,
    "minDecayMultiplier": 0.35,
    "decayEnd": 0.95,
    "size": 0.1,
    "speed": 12.5,
    "trailLengthMultiplier": 2.75,
    "life": 9
  },
  "sounds": {
    "fire": "tac:item.ttisti2011_fire",
    "reloadNormal": "tac:animation.sti2011_reload_norm",
    "reloadEmpty": "tac:animation.sti2011_reload_empty",
    "draw": "tac:animation.sti2011_draw",
    "inspect": "tac:animation.sti2011_inspect",
    "inspectEmpty": "tac:animation.sti2011_inspect_empty",
    "cock": "tac:item.pistol.cock",
    "silencedFire": "tac:item.ttisti2011_fire_s"
  },
  "display": {
    "flash": {
      "yOffset": 9.825,
      "zOffset": -13.32,
      "size": 1.1,
      "trailAdjust": 0.875
    },
    "shellCasing": {
      "tickLife":10,
      "yOffset": 1.75,
      "xOffset": -1,
      "zOffset": 2,
      "scale": 1.75,
      "velocityX": 12,
      "velocityY": 9,
      "velocityZ": 2,
      "rVelocityX": 2,
      "rVelocityY": 2,
      "rVelocityZ": 1.0,
      "aVelocityX": 60.0,
      "aVelocityY": -120.0,
      "aVelocityZ": 0.0,
      "casingModel": "tac:special/shell_small"
    },
    "hipfireScale": 1.5,
    "hipfireMoveScale": 0.35,
    "hipfireRecoilScale": 1,
    "weaponType": 2,
    "showDynamicHipfire": true
  },
  "modules": {
    "zoom":
    {
      "fovModifier": 0.9,
      "yOffset": 11.685,
      "zOffset": -4.125
    },
    "attachments": {
      "pistolBarrel": {
        "yOffset": -100829.84,
        "zOffset": -11.55,
        "scale": 0.00
      },
      "pistolScope": {
        "yOffset": 10,
        "zOffset": 3.25,
        "scale": 2,
        "doRenderMount": true,
        "doOnSlideMovement": true
      },
      "extendedMag": {
        "yOffset": 1000.89,
        "zOffset": 5.35,
        "scale": 0.0
      },
      "sideRail": {
        "yOffset": 7.799,
        "zOffset": -2.35,
        "scale": 0.00
      }
    }
  }
}