{
  "general": {
    "rate": 300,
    "rateSelector": [1],
    "gripType": "tac:one_handed_m1911",
    "recoilAngle": 16.25,
    "horizontalRecoilAngle": 6.325,
    "recoilKick": 1.125,
    "recoilAdsReduction": 0.2,
    "weaponRecoilOffset": 0.85,
    "cameraRecoilModifier": 3.125,
    "recoilDuration": 0.225,
    "weightKilo": 2.1,

    "spread": 1.05,
    "firstShotSpread": 0.085,
    "hipFireInaccuracy": 2.25,
    "projToMinAccuracy": 3,
    "msToAccuracyReset": 320,
    "movementInaccuracy": 0.1
  },
  "reloads": {
    "magFed": true,
    "maxAmmo": 7,
    "reloadMagTimer": 28,
    "additionalReloadEmptyMagTimer": 12,
    "maxAdditionalAmmoPerOC": [3, 5, 7],
    "preReloadPauseTicks": 0
  },
  "projectile": {
    "item": "tac:ae50",
    "visible": false,
    "damage": 16,
    "armorIgnore": 0.9,
    "critical": 0.0,
    "criticalDamage": 1.0,
    "headDamage": 1.25,
    "closeDamage": 1.2,
    "decayStart": 0.0,
    "minDecayMultiplier": 0.25,
    "decayEnd": 0.9,
    "size": 0.1,
    "speed": 12.5,
    "trailLengthMultiplier": 2.75,
    "life": 10
  },
  "sounds": {
    "fire": "tac:item.ttisti2011_fire",
    "reloadNormal": "tac:animation.sti2011_reload_norm",
    "reloadEmpty": "tac:animation.sti2011_reload_empty",
    "draw": "tac:animation.sti2011_draw",
    "inspect": "tac:animation.sti2011_inspect",
    "inspectEmpty": "tac:animation.sti2011_inspect_empty",
    "cock": "tac:item.pistol.cock",
    "silencedFire": "tac:item.ttisti2011_fire_s"
  },
  "display": {
    "flash": {
      "yOffset": 9.825,
      "zOffset": -13.32,
      "size": 1.1,
      "trailAdjust": 0.875
    },
    "shellCasing": {
      "tickLife": 14,
      "yOffset": 1.75,
      "xOffset": -0.5,
      "zOffset": 1,
      "scale": 1.5,
      "velocityX": 11,
      "velocityY": 5,
      "velocityZ": 4,
      "rVelocityX": 2,
      "rVelocityY": 3,
      "rVelocityZ": 0.0,
      "aVelocityX": 70.0,
      "aVelocityY": -90.0,
      "aVelocityZ": 0.0,
      "casingModel": "tac:special/shell_silver"
    },
    "hipfireScale": 1.75,
    "hipfireMoveScale": 0.55,
    "hipfireRecoilScale": 1,
    "weaponType": 2,
    "showDynamicHipfire": true
  },
  "modules": {
    "zoom":
    {
      "fovModifier": 0.8,
      "yOffset": 11.875,
      "zOffset": -4.125
    },
    "attachments": {
      "barrel": {
        "yOffset": -100829.84,
        "zOffset": -11.55,
        "scale": 1.00
      },
      "extendedMag": {
        "yOffset": 1000.89,
        "zOffset": 5.35,
        "scale": 0.0
      }
    }
  }
}