{
  "general": {
    "rate": 600,
    "rateSelector": [1],
    "gripType": "tac:one_handed_m1911",
    "recoilAngle": 10.25,
    "horizontalRecoilAngle": 2.75,
    "recoilKick": 1.125,
    "recoilAdsReduction": 0.1875,
    "weaponRecoilOffset": 0.7875,
    "cameraRecoilModifier": 5.05,
    "recoilDuration": 0.25,
    "weightKilo": 1.7,

    "spread": 2.15,
    "firstShotSpread": 0.175,
    "hipFireInaccuracy": 2.05,
    "projToMinAccuracy": 4,
    "msToAccuracyReset": 250,
    "movementInaccuracy": 0.15
  },
  "reloads": {
    "magFed": true,
    "maxAmmo": 23,
    "reloadMagTimer": 25,
    "additionalReloadEmptyMagTimer": 7,
    "maxAdditionalAmmoPerOC": [3, 6, 10],
    "preReloadPauseTicks": 0
  },
  "projectile": {
    "item": "tac:9mm_round",
    "visible": false,
    "damage": 5.5,
    "armorIgnore": 0.6,
    "critical": 0.0,
    "criticalDamage": 1.0,
    "headDamage": 0.75,
    "closeDamage": 1.2,
    "decayStart": 0.0,
    "minDecayMultiplier": 0.3,
    "decayEnd": 0.8,
    "size": 0.075,
    "speed": 14,
    "trailLengthMultiplier": 2.75,
    "life": 8
  },
  "sounds": {
    "fire": "tac:item.ttig34_fire",
    "reloadNormal": "tac:animation.glock17_reload_norm",
    "reloadEmpty": "tac:animation.glock17_reload_empty",
    "draw": "tac:animation.glock17_draw",
    "inspect": "tac:animation.glock17_inspect",
    "cock": "tac:item.pistol.cock",
    "silencedFire": "tac:item.ttig34_fire_s"
  },
  "display": {
    "flash": {
      "yOffset": 10.35,
      "zOffset": -12.09,
      "size": 0.8,
      "trailAdjust": 0.8
    },
    "shellCasing": {
      "tickLife":10,
      "yOffset": 2.5,
      "xOffset": -1,
      "zOffset": 3.25,
      "scale": 1.5,
      "velocityX": 10,
      "velocityY": 8,
      "velocityZ": 3,
      "rVelocityX": 2,
      "rVelocityY": 4,
      "rVelocityZ": 1.0,
      "aVelocityX": 60.0,
      "aVelocityY": -120.0,
      "aVelocityZ": 0.0,
      "casingModel": "tac:special/shell_small"
    },
    
    "hipfireScale": 1.25,
    "hipfireMoveScale": 0.375,
    "hipfireRecoilScale": 1,
    "showDynamicHipfire": true,
    "weaponType": 2
  },
  "modules": {
    "zoom": {
      "fovModifier": 0.8,
      "yOffset": 12.355,
      "zOffset": -4.4
    },
    "attachments": {
      "pistolBarrel": {
        "yOffset": -100829.84,
        "zOffset": -11.55,
        "scale": 0.00
      },
      "pistolScope": {
        "yOffset": 10.25,
        "zOffset": 4.715,
        "scale": 2,
        "doRenderMount": false,
        "doOnSlideMovement": true
      },
      "sideRail": {
        "yOffset": 7.799,
        "zOffset": -2.35,
        "scale": 0.00
      },
      "extendedMag": {
        "yOffset": 1000.89,
        "zOffset": 5.35,
        "scale": 0.0
      }
    }
  }
}