{
  "pools": [
    {
      "rolls": 1,
      "entries": [
        {
          "type": "item",
          "name": "minecraft:iron_ingot",
          "weight": 20,
          "functions": [
            {
              "function": "set_count",
              "count": { "min": 10, "max": 15 }
            }
          ]
        },
        {
          "type": "item",
          "name": "minecraft:gold_ingot",
          "weight": 15,
          "functions": [
            {
              "function": "set_count",
              "count": { "min": 5, "max": 10 }
            }
          ]
        },
        {
          "type": "item",
          "name": "minecraft:diamond",
          "weight": 5,
          "functions": [
            {
              "function": "set_count",
              "count": { "min": 2, "max": 5 }
            }
          ]
        }
      ]
    }
  ]
}