{
  "pools": [
    {
      "rolls": 1,
      "entries": [
        {
          "type": "item",
          "name": "minecraft:gunpowder",
          "weight": 25,
          "functions": [
            {
              "function": "set_count",
              "count": { "min": 10, "max": 20 }
            }
          ]
        },
        {
          "type": "item",
          "name": "minecraft:iron_ingot",
          "weight": 25,
          "functions": [
            {
              "function": "set_count",
              "count": { "min": 5, "max": 10 }
            }
          ]
        },
        {
          "type": "item",
          "name": "minecraft:gold_ingot",
          "weight": 15,
          "functions": [
            {
              "function": "set_count",
              "count": { "min": 3, "max": 8 }
            }
          ]
        }
      ]
    }
  ]
}