{
  "pools": [
    {
      "rolls": 1,
      "entries": [
        {
          "type": "item",
          "name": "minecraft:bread",
          "weight": 30,
          "functions": [
            {
              "function": "set_count",
              "count": { "min": 10, "max": 20 }
            }
          ]
        },
        {
          "type": "item",
          "name": "minecraft:potion",
          "weight": 25,
          "functions": [
            {
              "function": "set_count",
              "count": { "min": 10, "max": 20 }
            },
            {
              "function": "set_nbt",
              "tag": "{Potion: 'minecraft:water', Purity: 3}"
            }
          ]
        },
        {
          "type": "item",
          "name": "minecraft:gunpowder",
          "weight": 20,
          "functions": [
            {
              "function": "set_count",
              "count": { "min": 5, "max": 15 }
            }
          ]
        }
      ]
    }
  ]
}