{
  "type": "minecraft:block",
  "pools": [
    {
      "rolls": 1,
      "bonus_rolls": 0,
      "entries": [
        {
          "type": "minecraft:item",
          "name": "minecraft:potion",
          "weight": 30,
          "functions": [
            {
              "function": "set_count",
              "count": {
                "min": 1,
                "max": 2
              }
            },
            {
              "function": "set_nbt",
              "tag": "{Potion: 'minecraft:healing'}"
            }
          ]
        }
      ],
      "conditions": [
        {
          "condition": "minecraft:survives_explosion"
        }
      ]
    },
    {
      "rolls": 1,
      "bonus_rolls": 0,
      "entries": [
        {
          "type": "minecraft:item",
          "name": "minecraft:potion",
          "weight": 20,
          "functions": [
            {
              "function": "set_count",
              "count": {
                "min": 3,
                "max": 5
              }
            },
            {
              "function": "set_nbt",
              "tag": "{Potion: 'minecraft:regeneration'}"
            }
          ]
        }
      ],
      "conditions": [
        {
          "condition": "minecraft:survives_explosion"
        }
      ]
    },
    {
      "rolls": 1,
      "bonus_rolls": 0,
      "entries": [
        {
          "type": "minecraft:item",
          "name": "minecraft:bread",
          "weight": 20,
          "functions": [
            {
              "function": "set_count",
              "count": {
                "min": 5,
                "max": 10
              }
            }
          ]
        }
      ],
      "conditions": [
        {
          "condition": "minecraft:survives_explosion"
        }
      ]
    }
  ]
}